in_filename;N;K;total_cost;time;solver;num_cameras;alpha;Configuration_Details
batman_N10_K2.dat;10;2;565;2.3480589389801025;GRASP;7;0.4;Loc9:M1:S[0000011] | Loc10:M1:S[0000110] | Loc5:M1:S[0110110] | Loc2:M1:S[1011101] | Loc10:M1:S[1100001] | Loc8:M1:S[0001100] | Loc10:M1:S[0011000]
batman_N10_K3.dat;10;3;255;4.047338247299194;GRASP;5;0.4;Loc8:M0:S[1000001] | Loc6:M0:S[0000011] | Loc9:M0:S[1111000] | Loc10:M0:S[1111000] | Loc9:M0:S[0000111]
batman_N10_K6.dat;10;6;120;7.502224683761597;GRASP;2;0.4;Loc2:M2:S[0001111] | Loc10:M2:S[1111101]
batman_N15_K10.dat;15;10;163;26.958560705184937;GRASP;4;0.4;Loc13:M6:S[0011000] | Loc15:M4:S[0110110] | Loc8:M6:S[0000110] | Loc13:M6:S[1000001]
batman_N20_K3.dat;20;3;69;10.538278579711914;GRASP;3;0.4;Loc3:M1:S[1011101] | Loc20:M1:S[1100110] | Loc20:M1:S[0011011]
batman_N30_K5.dat;30;5;282;46.72847080230713;GRASP;5;0.4;Loc16:M1:S[1110000] | Loc30:M1:S[0110011] | Loc29:M1:S[0000110] | Loc5:M1:S[1111001] | Loc30:M1:S[1001101]
batman_N30_K10.dat;30;10;90;81.98373937606812;GRASP;3;0.4;Loc29:M2:S[1001101] | Loc30:M2:S[1001101] | Loc30:M2:S[0110011]
batman_N40_K20.dat;40;20;55;623.1814970970154;GRASP;3;0.4;Loc40:M13:S[0011011] | Loc40:M13:S[1100000] | Loc40:M13:S[0000110]
