in_filename;N;K;total_cost;time;solver;num_cameras;alpha;Configuration_Details
batman_N30_K10.dat;30;10;136;78.5861189365387;GRASP;5;0.4;Loc30:M2:S[1100000] | Loc30:M2:S[0000111] | Loc22:M2:S[1100000] | Loc29:M2:S[0011011] | Loc30:M2:S[0011000]
batman_N30_K10.dat;30;10;91;76.18932843208313;GRASP;3;0.4;Loc30:M2:S[0011011] | Loc30:M2:S[1100110] | Loc28:M9:S[1011011]
batman_N30_K10.dat;30;10;138;83.63424873352051;GRASP;5;0.4;Loc10:M2:S[0111000] | Loc30:M2:S[1000001] | Loc30:M2:S[0001110] | Loc25:M2:S[1000111] | Loc29:M2:S[0110000]
batman_N30_K10.dat;30;10;116;143.04768085479736;GRASP;4;0.4;Loc24:M2:S[0000011] | Loc30:M2:S[0110011] | Loc28:M2:S[0110011] | Loc30:M2:S[1101100]
batman_N30_K10.dat;30;10;108;90.3477578163147;GRASP;4;1;Loc30:M2:S[0110011] | Loc30:M2:S[0001100] | Loc30:M2:S[1000001] | Loc29:M2:S[0110000]
batman_N30_K10.dat;30;10;90;305.80711483955383;GRASP;3;0.4;Loc30:M2:S[0011011] | Loc18:M2:S[0011011] | Loc30:M2:S[1100110]
batman_N30_K10.dat;30;10;88;89.43719673156738;GRASP;3;0.4;Loc28:M9:S[0011111] | Loc30:M2:S[0000011] | Loc30:M9:S[1111100]
